video_name,gt_label,gt_class,clear_label,clear_class,clear_conf,target_label,target_class,attacked_label,attacked_class,attacked_conf,benign_conf,psnr,ssim,mse,lpips,vmaf,time,iter_count,query_count
/work/data/kinetics400/k400_test/k400_test/test/0wddyCGKafY_000045_000055.mp4,high kick,152,high kick,152,0.05859809368848801,catching or throwing softball,50,catching or throwing softball,50,0.5422481894493103,0.04245058819651604,32.280363251289586,0.7343880584773801,38.46307801046489,0.26346150040626526,82.963912,21.337034225463867,13,0
/work/data/kinetics400/k400_test/k400_test/test/2QchZjI9t8Y_000026_000036.mp4,drinking beer,101,sharpening pencil,291,0.031629834324121475,riding mule,272,riding mule,272,0.18652552366256714,0.037290263921022415,31.296794347174995,0.6720809496838273,48.239292115388096,0.22248892486095428,89.868503,32.82252645492554,20,0
/work/data/kinetics400/k400_test/k400_test/test/-Taqg91Q2gc_000086_000096.mp4,swimming butterfly stroke,341,jumping into pool,172,0.31333428621292114,driving tractor,104,welding,391,0.02926105447113514,0.29651668667793274,30.894200412852484,0.7663623581367578,52.924933327003764,0.11376205831766129,78.012675,34.87186074256897,20,0
/work/data/kinetics400/k400_test/k400_test/test/1ttoN9ctd0k_000053_000063.mp4,running on treadmill,281,changing oil,52,0.25663167238235474,tai chi,346,sword fighting,345,0.12078999727964401,0.1087888702750206,31.489665970888577,0.8040275272907695,46.14384328884549,0.2092796117067337,84.374478,22.589807510375977,20,0
/work/data/kinetics400/k400_test/k400_test/test/1oLzc8GaLy8_000029_000039.mp4,blasting sand,23,welding,391,0.10042178630828857,passing American football (not in game),209,passing American football (not in game),209,0.5353614687919617,0.07141029089689255,31.35343528919244,0.726704785709941,47.614237288375996,0.28111371397972107,64.245345,23.47463083267212,20,0
/work/data/kinetics400/k400_test/k400_test/test/-Ar5MuXh6VI_000004_000014.mp4,hockey stop,154,ice skating,164,0.05449112132191658,arranging flowers,7,arranging flowers,7,0.1835726648569107,0.09729335457086563,30.665740944071164,0.6787666635979714,55.78356511267702,0.3218618333339691,85.595617,22.357210874557495,20,0
/work/data/kinetics400/k400_test/k400_test/test/1eyGF8mfNQw_000194_000204.mp4,rock climbing,278,diving cliff,93,0.1938987821340561,playing volleyball,251,playing volleyball,251,0.6117209792137146,0.14630702137947083,31.4648480783047,0.8202474856789264,46.40828858024691,0.16672749817371368,81.459521,17.996188163757324,16,0
/work/data/kinetics400/k400_test/k400_test/test/1q78VQqIUbI_000203_000213.mp4,dancing charleston,85,drumming fingers,106,0.9116576910018921,bandaging,13,carrying baby,44,0.19771765172481537,0.9309237003326416,32.277749030942346,0.6582960697331344,38.48623769463433,0.11523360013961792,87.080338,35.19738173484802,20,0
/work/data/kinetics400/k400_test/k400_test/test/0S4fymrUcyc_000007_000017.mp4,sword fighting,345,opening present,204,0.4935888946056366,tai chi,346,reading book,264,0.1837776005268097,0.4079585075378418,31.42594246919682,0.7349372640158274,46.82589791078921,0.16005626320838928,96.195908,35.40872526168823,20,0
/work/data/kinetics400/k400_test/k400_test/test/-RRtSAgGApc_000016_000026.mp4,cutting nails,81,petting cat,213,0.045724451541900635,disc golfing,92,disc golfing,92,0.3593870997428894,0.1577683687210083,32.03744287268111,0.6987562447177242,40.67579722086589,0.2080046385526657,81.563958,21.337584257125854,11,0
/work/data/kinetics400/k400_test/k400_test/test/-Nj3XmZ7YBM_000107_000117.mp4,changing oil,52,changing oil,52,0.5543984174728394,tai chi,346,making bed,186,0.026382245123386383,0.33730748295783997,31.265351696358557,0.7214892856651716,48.589808923791956,0.17899596691131592,81.636614,35.865190744400024,20,0
/work/data/kinetics400/k400_test/k400_test/test/-pBiJnwK2oc_000050_000060.mp4,cleaning toilet,64,cleaning toilet,64,0.7515773177146912,riding mule,272,cleaning shoes,63,0.031889379024505615,0.8836750388145447,30.88015038325446,0.626184914320996,53.09643009440104,0.3073057532310486,78.415737,36.11856460571289,20,0
/work/data/kinetics400/k400_test/k400_test/test/-08En2aQklI_000233_000243.mp4,building cabinet,38,changing oil,52,0.13884446024894714,riding camel,268,riding camel,268,0.158731609582901,0.24950461089611053,31.485950962575817,0.7266072036009891,46.183332186098454,0.13758113980293274,84.048236,34.18049359321594,20,0
/work/data/kinetics400/k400_test/k400_test/test/-IHwhSActzk_000030_000040.mp4,juggling fire,170,welding,391,0.12782862782478333,bandaging,13,juggling soccer ball,171,0.038010917603969574,0.13904063403606415,32.193400560777235,0.6794240201613208,39.241021556712965,0.17782272398471832,87.311376,34.24858331680298,20,0
/work/data/kinetics400/k400_test/k400_test/test/0nE03ePMHI8_000029_000039.mp4,playing clarinet,225,bobsledding,28,0.04749269038438797,golf chipping,141,golf chipping,141,0.2776031196117401,0.05517067760229111,31.282855412297387,0.7356540427363927,48.39436766786928,0.1395677775144577,88.737894,34.23806095123291,20,0
/work/data/kinetics400/k400_test/k400_test/test/-8Appls4ZFg_000236_000246.mp4,making pizza,188,eating chips,112,0.06905578821897507,tai chi,346,making pizza,188,0.0439540334045887,0.08648021519184113,31.197357963877423,0.7732092208502184,49.3565237902812,0.1744709610939026,81.404376,24.267141580581665,20,0
/work/data/kinetics400/k400_test/k400_test/test/-0tnFi1az8k_000014_000024.mp4,bench pressing,19,recording music,266,0.12251099944114685,playing cricket,227,playing cricket,227,0.12762539088726044,0.13887585699558258,31.18538836119294,0.7627423351620091,49.49274307816117,0.12686659395694733,82.328821,33.59494066238403,20,0
/work/data/kinetics400/k400_test/k400_test/test/-ek3zFzo560_000537_000547.mp4,answering questions,2,carving pumpkin,46,0.11013925075531006,ice fishing,163,ice fishing,163,0.4741942882537842,0.13355174660682678,32.58121723108195,0.6623087959292173,35.888775251977236,0.2531486749649048,79.136149,24.033324718475342,20,0
/work/data/kinetics400/k400_test/k400_test/test/-zWLKc6CjTY_000056_000066.mp4,riding unicycle,275,ironing,165,0.04873647913336754,tai chi,346,sword fighting,345,0.13194766640663147,0.0555175356566906,31.18012207212967,0.7542832088107152,49.55279477010712,0.2590390741825104,92.814334,22.422260522842407,20,0
/work/data/kinetics400/k400_test/k400_test/test/0DqjuG09Xls_000122_000132.mp4,testifying,354,playing organ,239,0.05867161974310875,capoeira,43,capoeira,43,0.523968517780304,0.07079695165157318,32.0829652719562,0.7712456204653505,40.25166352771577,0.24811358749866486,79.476819,13.406294822692871,11,0
/work/data/kinetics400/k400_test/k400_test/test/0LGDPVwWMhg_000009_000019.mp4,swing dancing,342,celebrating,51,0.09428954869508743,ice climbing,162,abseiling,0,0.10842156410217285,0.1062891036272049,31.172344360705996,0.7719228658061625,49.64161760118272,0.09886057674884796,91.156556,35.78027844429016,20,0
/work/data/kinetics400/k400_test/k400_test/test/-pyFr1WZPbM_000032_000042.mp4,cutting watermelon,83,blowing glass,24,0.6067478656768799,sign language interpreting,303,celebrating,51,0.03342853859066963,0.6759701371192932,31.093581886041246,0.6719683551950147,50.550117831759984,0.1811441034078598,86.762253,34.77170372009277,20,0
/work/data/kinetics400/k400_test/k400_test/test/1yYHLBmC3f4_000003_000013.mp4,climbing a rope,66,pole vault,253,0.07309552282094955,juggling soccer ball,171,juggling soccer ball,171,0.6266846060752869,0.06766724586486816,31.866137387387855,0.7316922411113641,42.312298918547455,0.28719180822372437,82.196303,15.607883214950562,12,0
/work/data/kinetics400/k400_test/k400_test/test/0GesW7F0eN8_000011_000021.mp4,pushing wheelchair,263,changing oil,52,0.09002397209405899,javelin throw,166,javelin throw,166,0.4019030034542084,0.0725221186876297,31.331553547380896,0.6914151988080567,47.854744972511575,0.27755218744277954,85.266759,22.691118478775024,19,0
/work/data/kinetics400/k400_test/k400_test/test/-dhP2AH0eqI_000141_000151.mp4,checking tires,54,checking tires,54,0.490036278963089,tapping pen,351,shuffling cards,301,0.11230319738388062,0.5970146656036377,31.433955935637783,0.6722735785839221,46.73957588704427,0.21658194065093994,83.278031,34.8158540725708,20,0
/work/data/kinetics400/k400_test/k400_test/test/14Z2DC05cIg_000019_000029.mp4,playing kickball,237,high jump,151,0.27488937973976135,braiding hair,32,braiding hair,32,0.1877259761095047,0.13653290271759033,31.466974710377453,0.744909562973048,46.385569158483435,0.13477954268455505,89.725473,35.29337167739868,20,0
/work/data/kinetics400/k400_test/k400_test/test/1DzvlrKhmZI_000002_000012.mp4,shaking head,289,news anchoring,202,0.041581109166145325,pushing cart,262,pushing cart,262,0.8115718364715576,0.032652705907821655,31.730235585036652,0.6989613701134287,43.65729288736979,0.31033575534820557,79.296469,15.812084913253784,14,0
/work/data/kinetics400/k400_test/k400_test/test/2UFYQtLCPZ8_000136_000146.mp4,massaging person's head,196,drumming fingers,106,0.15276166796684265,breading or breadcrumbing,33,eating chips,112,0.04461607709527016,0.13648495078086853,31.972258369486298,0.8110338427605372,41.290916620325156,0.09049288928508759,85.284146,35.4951286315918,20,0
/work/data/kinetics400/k400_test/k400_test/test/1LWUlv7twOg_000057_000067.mp4,answering questions,2,playing bass guitar,221,0.2341184765100479,vault,376,playing bass guitar,221,0.1674611121416092,0.22742067277431488,31.212440876258654,0.7323855409461183,49.18540743001302,0.19372627139091492,79.732042,23.707404375076294,20,0
/work/data/kinetics400/k400_test/k400_test/test/0YhNlD9Z5pw_000016_000026.mp4,shaking head,289,playing guitar,232,0.024898268282413483,playing tennis,246,playing tennis,246,0.09395252913236618,0.025711338967084885,32.37813580133302,0.7380836216787388,37.606834662208506,0.2628639042377472,80.543512,14.01004934310913,11,0
/work/data/kinetics400/k400_test/k400_test/test/0hu29nUZELQ_000001_000011.mp4,mowing lawn,201,barbequing,14,0.14612948894500732,bandaging,13,bandaging,13,0.16556815803050995,0.11779166013002396,30.46386721092575,0.8940626147298438,58.43777067057292,0.12642070651054382,89.154267,23.020037174224854,20,0
/work/data/kinetics400/k400_test/k400_test/test/11xzcHo4Ts8_000000_000010.mp4,tickling,359,blowing glass,24,0.3768134117126465,golf putting,143,barbequing,14,0.0679887980222702,0.38440215587615967,31.010130070578676,0.7767434974749408,51.530855649594905,0.2181897610425949,91.545235,23.550863027572632,20,0
/work/data/kinetics400/k400_test/k400_test/test/0vJAFezLPhI_000021_000031.mp4,snowmobiling,324,snowmobiling,324,0.24122723937034607,bandaging,13,bandaging,13,0.22734563052654266,0.23960363864898682,31.04604326674543,0.6652200846109533,51.10648760082103,0.26395362615585327,94.481379,34.602235317230225,20,0
/work/data/kinetics400/k400_test/k400_test/test/0ygbcm02tLs_000002_000012.mp4,playing organ,239,playing organ,239,0.9873567819595337,bandaging,13,bandaging,13,0.07584470510482788,0.9857243895530701,32.93884990276588,0.71948462258266,33.051819365701554,0.2558469772338867,88.45878,22.511120080947876,20,0
/work/data/kinetics400/k400_test/k400_test/test/-wwCJVLbKFI_000108_000118.mp4,bending back,20,decorating the christmas tree,89,0.03200419992208481,bandaging,13,bandaging,13,0.09349264204502106,0.06903575360774994,31.59122584187,0.8534249662356427,45.07728770164207,0.09746646881103516,78.220662,23.541797637939453,20,0
/work/data/kinetics400/k400_test/k400_test/test/-74c73MiIes_001409_001419.mp4,assembling computer,8,assembling computer,8,0.5766006708145142,tai chi,346,weaving basket,390,0.02609929069876671,0.6929384469985962,31.074330205783262,0.8146256078959488,50.774696985315394,0.14776262640953064,79.539247,23.554593563079834,20,0
/work/data/kinetics400/k400_test/k400_test/test/-YtHps-n5Ks_000002_000012.mp4,passing American football (in game),208,shooting goal (soccer),297,0.4586446285247803,massaging legs,195,parasailing,206,0.041811779141426086,0.3176250159740448,30.964104051634425,0.7118270914684628,52.079877700447476,0.2243628203868866,76.770013,23.996524333953857,20,0
/work/data/kinetics400/k400_test/k400_test/test/0IYbQ2DUi3o_000000_000010.mp4,tobogganing,360,tobogganing,360,0.2855357527732849,trimming or shaving beard,365,trimming or shaving beard,365,0.3940574526786804,0.41412657499313354,30.963092028705784,0.6649088171119406,52.09201512654622,0.24165034294128418,82.346699,37.1190402507782,20,0
/work/data/kinetics400/k400_test/k400_test/test/-CQ6GzkHHPo_000012_000022.mp4,sharpening pencil,291,sharpening pencil,291,0.2319401055574417,riding mule,272,riding or walking with horse,273,0.16002142429351807,0.2156403660774231,30.991227169693673,0.6179600518160261,51.7556352979872,0.3386215567588806,85.957939,34.86147403717041,20,0
/work/data/kinetics400/k400_test/k400_test/test/1Qd6SEAhmvM_000068_000078.mp4,making sushi,190,making sushi,190,0.48822852969169617,balloon blowing,12,balloon blowing,12,0.29233378171920776,0.6560676097869873,31.07773882385365,0.7161325010061769,50.73486142306858,0.16605333983898163,94.591346,35.2640278339386,20,0
/work/data/kinetics400/k400_test/k400_test/test/1e0ss2JoJwY_000003_000013.mp4,trapezing,364,welding,391,0.8478971123695374,brushing teeth,37,welding,391,0.033245254307985306,0.8288264274597168,30.906310344383176,0.6889894101175429,52.77756222195095,0.19459465146064758,92.342551,33.62367820739746,20,0
/work/data/kinetics400/k400_test/k400_test/test/-5xauLfWsto_000030_000040.mp4,squat,330,welding,391,0.14541789889335632,waxing eyebrows,388,waxing eyebrows,388,0.3507808744907379,0.03439747169613838,31.374646072001244,0.8509083742482424,47.38225805434823,0.11361093819141388,76.27048,24.193483114242554,20,0
/work/data/kinetics400/k400_test/k400_test/test/25Hy3xB1PGE_000013_000023.mp4,pole vault,253,welding,391,0.4621301293373108,braiding hair,32,weaving basket,390,0.10058320313692093,0.4602610170841217,30.95535450337632,0.829013674486187,52.18490660264757,0.16210107505321503,98.173414,22.729446172714233,20,0
/work/data/kinetics400/k400_test/k400_test/test/1C4vG-FncVs_000197_000207.mp4,pushing cart,262,unboxing,371,0.1371433436870575,stretching arm,333,archery,5,0.021881261840462685,0.26614806056022644,31.16095031312305,0.7584434144595906,49.77202717307762,0.13060356676578522,96.946903,35.197514057159424,20,0
/work/data/kinetics400/k400_test/k400_test/test/00GyvomBAJc_000006_000016.mp4,arranging flowers,7,archery,5,0.08741523325443268,carrying baby,44,carrying baby,44,0.27500638365745544,0.08266640454530716,31.10788057214775,0.6787604268356934,50.383960597285515,0.2095956802368164,85.056898,33.831610918045044,20,0
/work/data/kinetics400/k400_test/k400_test/test/0cLInUD5NqQ_000003_000013.mp4,high kick,152,parkour,207,0.1832650899887085,waxing eyebrows,388,waxing eyebrows,388,0.6438326835632324,0.13803482055664062,31.2620555459008,0.7713970818952631,48.62670096842448,0.25531908869743347,78.863358,22.420135736465454,20,0
/work/data/kinetics400/k400_test/k400_test/test/-wcxLAk3zeA_000002_000012.mp4,drinking shots,102,extinguishing fire,121,0.269670695066452,golf chipping,141,welding,391,0.14279693365097046,0.3825955092906952,31.84061311728172,0.7333313076607231,42.56170812536169,0.2885397672653198,81.121843,22.081708908081055,20,0
/work/data/kinetics400/k400_test/k400_test/test/2GVVfYCdnwA_000003_000013.mp4,hopscotch,156,eating chips,112,0.04484258592128754,golf chipping,141,golf chipping,141,0.3797868490219116,0.10691077262163162,31.20682027452817,0.7938333051333061,49.249103968990646,0.18091337382793427,82.440855,22.111654043197632,20,0
/work/data/kinetics400/k400_test/k400_test/test/2G6nM2VXOlE_000000_000010.mp4,biking through snow,22,making bed,186,0.0261632539331913,catching or throwing softball,50,catching or throwing softball,50,0.1820526272058487,0.03651762381196022,31.22631027466729,0.7655690365898069,49.02858206741898,0.20517313480377197,90.173035,35.9782497882843,20,0
/work/data/kinetics400/k400_test/k400_test/test/08Q7AK7-BwE_000034_000044.mp4,riding scooter,274,mowing lawn,201,0.04876569285988808,bandaging,13,shooting goal (soccer),297,0.04840581491589546,0.11531012505292892,31.131131977106673,0.8251115040373618,50.11493404812283,0.08335146307945251,89.368427,35.651084661483765,20,0
/work/data/kinetics400/k400_test/k400_test/test/201ZYPeyY9c_000370_000380.mp4,massaging legs,195,waxing chest,387,0.06894078850746155,riding mule,272,riding mule,272,0.3008485436439514,0.06437155604362488,31.261674611972822,0.7043147700054246,48.630966362847225,0.33505216240882874,79.30091,21.325294017791748,19,0
/work/data/kinetics400/k400_test/k400_test/test/0J83X6wqPpU_000067_000077.mp4,using computer,373,using computer,373,0.6778848171234131,riding camel,268,riding camel,268,0.23921431601047516,0.6397343277931213,31.237197680822092,0.7912616315585015,48.90582537163628,0.2343682050704956,81.602085,23.11654233932495,20,0
/work/data/kinetics400/k400_test/k400_test/test/1V10xE5s9d4_000000_000010.mp4,trimming trees,366,decorating the christmas tree,89,0.14578638970851898,exercising arm,119,exercising arm,119,0.09192021191120148,0.14901286363601685,31.132715748777933,0.7973143050538505,50.09666162109375,0.2119961977005005,86.605952,24.316076517105103,20,0
/work/data/kinetics400/k400_test/k400_test/test/0K-djmb2Xvg_000106_000116.mp4,playing clarinet,225,playing saxophone,244,0.13890929520130157,javelin throw,166,javelin throw,166,0.3684931695461273,0.12509867548942566,31.155275441328158,0.7033848483664225,49.83710616952401,0.28057461977005005,79.411616,23.415578842163086,18,0
/work/data/kinetics400/k400_test/k400_test/test/0wIbdBnfiBo_000054_000064.mp4,flying kite,130,shooting goal (soccer),297,0.07968014478683472,massaging legs,195,making bed,186,0.20496918261051178,0.07370341569185257,31.031492003800174,0.6681250241778782,51.27800973736798,0.3077937364578247,82.339157,37.227463722229004,20,0
/work/data/kinetics400/k400_test/k400_test/test/189gd5wJlig_000255_000265.mp4,waxing legs,389,welding,391,0.08179813623428345,javelin throw,166,javelin throw,166,0.34112703800201416,0.08180567622184753,31.027443765218628,0.7192228705549301,51.3258303765191,0.3086932301521301,96.464813,22.687917470932007,20,0
/work/data/kinetics400/k400_test/k400_test/test/-7--fzZE2qk_000185_000195.mp4,peeling apples,210,changing oil,52,0.24494722485542297,riding camel,268,riding camel,268,0.5660134553909302,0.118672676384449,32.441343661556715,0.6685903647572601,37.063462984438296,0.2542363703250885,79.362126,23.190418004989624,12,0
/work/data/kinetics400/k400_test/k400_test/test/0PVnkFj-Db8_000240_000250.mp4,doing nails,97,doing nails,97,0.0483381450176239,clean and jerk,59,clean and jerk,59,0.14497056603431702,0.042273908853530884,31.551566354193362,0.7395867391231178,45.49081582302517,0.30505359172821045,85.104497,23.248969554901123,20,0
/work/data/kinetics400/k400_test/k400_test/test/-5xEgcRn1-g_000040_000050.mp4,knitting,178,knitting,178,0.1360771358013153,riding mule,272,riding mule,272,0.2862991392612457,0.1534940004348755,31.128100862270266,0.7640288619436276,50.149923473216866,0.10544703155755997,75.053275,34.71344780921936,20,0
/work/data/kinetics400/k400_test/k400_test/test/1ckv6vZNANU_000007_000017.mp4,counting money,74,shining shoes,295,0.11994240432977676,deadlifting,88,wrapping present,394,0.021497081965208054,0.10015761107206345,31.14165962773171,0.8092841503287544,49.99359850471402,0.248947411775589,96.201561,21.80974054336548,20,0
/work/data/kinetics400/k400_test/k400_test/test/06btONmXJvM_000002_000012.mp4,catching or throwing frisbee,49,mopping floor,198,0.09261443465948105,braiding hair,32,tying tie,370,0.03822154551744461,0.10276729613542557,31.050048022491673,0.6567409897356687,51.059382543816135,0.31033384799957275,83.897604,23.988102674484253,20,0
/work/data/kinetics400/k400_test/k400_test/test/-84w8wcPBcg_000039_000049.mp4,shredding paper,300,shredding paper,300,0.09184012562036514,catching or throwing softball,50,catching or throwing softball,50,0.3293684720993042,0.17799721658229828,30.93919588713074,0.6660776577811395,52.37943049339012,0.27027592062950134,81.560492,35.41885185241699,20,0
/work/data/kinetics400/k400_test/k400_test/test/-mxWlK3qiBY_000098_000108.mp4,archery,5,archery,5,0.19387805461883545,waxing eyebrows,388,waxing eyebrows,388,0.15224525332450867,0.21715626120567322,31.152174042708673,0.7803862571031928,49.87270872516397,0.25011199712753296,73.34407,23.756481885910034,20,0
/work/data/kinetics400/k400_test/k400_test/test/1-TE1k-bj9k_000069_000079.mp4,cutting nails,81,cutting pineapple,82,0.023483404889702797,disc golfing,92,disc golfing,92,0.6850637197494507,0.025005994364619255,31.36847168440971,0.7886860867193037,47.44966956922743,0.2324034869670868,84.473149,16.30272126197815,14,0
/work/data/kinetics400/k400_test/k400_test/test/-MzUbQLVWFI_000001_000011.mp4,swimming butterfly stroke,341,jumping into pool,172,0.31821951270103455,braiding hair,32,braiding hair,32,0.09610988944768906,0.39824387431144714,31.186938827662804,0.8038244621290197,49.47507692175468,0.15986421704292297,77.977758,22.335434198379517,20,0
/work/data/kinetics400/k400_test/k400_test/test/1DQAQ1G5YHg_000001_000011.mp4,kitesurfing,177,jumping into pool,172,0.447025865316391,shining shoes,295,shining shoes,295,0.19868606328964233,0.35187089443206787,31.182553210995692,0.7008330012082082,49.52506335336191,0.20817546546459198,84.701158,35.07416296005249,20,0
/work/data/kinetics400/k400_test/k400_test/test/-V3YwlumSFY_000092_000102.mp4,cleaning shoes,63,shining shoes,295,0.19197526574134827,flying kite,130,flying kite,130,0.35076767206192017,0.2126634120941162,31.757858024950526,0.6714664635730901,43.380500501844615,0.31003814935684204,88.04589,23.141473531723022,20,0
/work/data/kinetics400/k400_test/k400_test/test/2PaJRIJ-5PA_000090_000100.mp4,cooking on campfire,72,changing oil,52,0.0974082499742508,snowkiting,323,snowkiting,323,0.31866690516471863,0.07882844656705856,31.468260500839,0.8171607270941189,46.371838085033275,0.07559557259082794,81.916326,32.683934450149536,19,0
/work/data/kinetics400/k400_test/k400_test/test/-1nCh3Vk4Qk_000441_000451.mp4,washing hair,381,making bed,186,0.018263425678014755,javelin throw,166,javelin throw,166,0.30158790946006775,0.03842775151133537,31.099744213569444,0.6218440055694751,50.47844170012297,0.338012158870697,76.738081,35.236568450927734,20,0
/work/data/kinetics400/k400_test/k400_test/test/-48QzkYV8bE_000045_000055.mp4,riding mechanical bull,270,welding,391,0.03835732117295265,clean and jerk,59,clean and jerk,59,0.2242913693189621,0.03152274712920189,31.209439038011645,0.7685174071068542,49.21941607661583,0.21961143612861633,79.541684,22.07384705543518,20,0
/work/data/kinetics400/k400_test/k400_test/test/0816XrGAr98_000016_000026.mp4,counting money,74,shining shoes,295,0.04725787043571472,playing volleyball,251,playing volleyball,251,0.5065239071846008,0.038188058882951736,33.10086027716977,0.7345584385589824,31.841559733072916,0.28216156363487244,83.409577,12.788084983825684,9,0
/work/data/kinetics400/k400_test/k400_test/test/-rSJYwc9zfY_000029_000039.mp4,making a cake,184,eating chips,112,0.07634445279836655,tai chi,346,tai chi,346,0.0887506902217865,0.07830100506544113,31.04302235395678,0.7107039358782233,51.142049173990884,0.16064758598804474,83.175441,35.226999044418335,20,0
/work/data/kinetics400/k400_test/k400_test/test/1KDhttheBQg_000128_000138.mp4,stomping grapes,332,tossing coin,361,0.10708734393119812,tai chi,346,tai chi,346,0.5975264310836792,0.03247389197349548,31.29408014796326,0.7831816884629521,48.26944952618634,0.22900554537773132,80.6943,21.027114868164062,18,0
/work/data/kinetics400/k400_test/k400_test/test/2JAEEVSDT2A_000060_000070.mp4,hurdling,160,hurdling,160,0.29954513907432556,braiding hair,32,playing bass guitar,221,0.018510064110159874,0.2924112379550934,30.980159719381298,0.7159408971628338,51.88769624385127,0.15654577314853668,84.616215,36.08470678329468,20,0
/work/data/kinetics400/k400_test/k400_test/test/-BrNqmFy-6Y_000009_000019.mp4,flipping pancake,129,punching bag,258,0.017045583575963974,tai chi,346,tai chi,346,0.19268521666526794,0.023855725303292274,31.77669140021575,0.7963020527012981,43.192786322699654,0.29873085021972656,96.368656,22.055402755737305,20,0
/work/data/kinetics400/k400_test/k400_test/test/-LQav7yKBik_000028_000038.mp4,feeding birds,123,welding,391,0.9849057197570801,tai chi,346,capoeira,43,0.02503344789147377,0.9928857684135437,31.05320945378861,0.8461876932467967,51.0222275722174,0.21807286143302917,90.29391,21.994555711746216,20,0
/work/data/kinetics400/k400_test/k400_test/test/-2GDsxwm-hw_000501_000511.mp4,scuba diving,286,jumping into pool,172,0.39101552963256836,shining shoes,295,shining shoes,295,0.18714295327663422,0.4635304808616638,31.133637638671225,0.673312833471382,50.086028581407334,0.20755353569984436,78.643561,34.44789242744446,20,0
/work/data/kinetics400/k400_test/k400_test/test/1ZmrFaI7G6c_000000_000010.mp4,throwing ball,357,pushing car,261,0.0850897803902626,arranging flowers,7,arranging flowers,7,0.7950334548950195,0.07533267885446548,31.696481962207258,0.7656265785964828,43.99792191786694,0.21776321530342102,82.081093,19.943129062652588,16,0
/work/data/kinetics400/k400_test/k400_test/test/0hz5X1SVWr0_000001_000011.mp4,cheerleading,55,running on treadmill,281,0.12772156298160553,golf chipping,141,golf chipping,141,0.38273295760154724,0.08757241070270538,31.46426631806772,0.783944410313246,46.41450563030478,0.20597295463085175,87.832308,19.104878187179565,16,0
/work/data/kinetics400/k400_test/k400_test/test/-G8N5FxjZbw_000001_000011.mp4,playing bagpipes,219,playing bagpipes,219,0.5116393566131592,clay pottery making,58,clay pottery making,58,0.1140352115035057,0.3551206588745117,31.031742583454303,0.8569029441248366,51.27505117910879,0.07949157804250717,80.971335,23.480328798294067,20,0
/work/data/kinetics400/k400_test/k400_test/test/1Hih0lS2g2Y_000561_000571.mp4,tasting food,353,doing nails,97,0.04581953212618828,swing dancing,342,swing dancing,342,0.24219897389411926,0.027186578139662743,31.331354836641182,0.6784545135586578,47.856934608742044,0.24850861728191376,78.926847,35.370845079422,20,0
/work/data/kinetics400/k400_test/k400_test/test/0BSttGHc6jw_000015_000025.mp4,playing clarinet,225,changing oil,52,0.3275315463542938,bandaging,13,shaking hands,288,0.010536129586398602,0.16978111863136292,32.12268986601371,0.7937825390802333,39.88516327829072,0.18853254616260529,78.340437,23.075660467147827,20,0
/work/data/kinetics400/k400_test/k400_test/test/0gsLHz1zn3U_000003_000013.mp4,garbage collecting,136,tying tie,370,0.015388102270662785,feeding goats,125,feeding goats,125,0.5593679547309875,0.04275243729352951,32.27022495654204,0.745106200554674,38.55297220614712,0.29785293340682983,78.95091,15.288211345672607,12,0
/work/data/kinetics400/k400_test/k400_test/test/0c4ItGOJBwk_000040_000050.mp4,snorkeling,321,scuba diving,286,0.14679478108882904,building cabinet,38,bookbinding,29,0.27815839648246765,0.15864789485931396,30.867178874819533,0.5896273716844302,53.255255594135804,0.4519343376159668,73.369001,23.08781147003174,20,0
/work/data/kinetics400/k400_test/k400_test/test/1ZOBqk74SCI_000015_000025.mp4,decorating the christmas tree,89,playing trumpet,248,0.1035047173500061,golf putting,143,golf putting,143,0.1099134311079979,0.11871160566806793,31.039536663346063,0.7289314359191474,51.183112767005866,0.27454817295074463,76.913348,23.378745555877686,20,0
/work/data/kinetics400/k400_test/k400_test/test/-7-31bXtcik_000096_000106.mp4,gymnastics tumbling,147,pushing car,261,0.0669090673327446,braiding hair,32,knitting,178,0.07937082648277283,0.06464026868343353,31.037810273676524,0.6997361806887692,51.20346291323062,0.1878955066204071,96.32991,36.37310528755188,20,0
/work/data/kinetics400/k400_test/k400_test/test/25gW43H8ENY_000002_000012.mp4,high kick,152,high kick,152,0.06290918588638306,braiding hair,32,weaving basket,390,0.1304657906293869,0.07221415638923645,31.36270175085675,0.8389676965689791,47.51275197120949,0.11005109548568726,83.893778,23.604637622833252,20,0
/work/data/kinetics400/k400_test/k400_test/test/0i1X-DnjxWQ_000002_000012.mp4,petting cat,213,petting cat,213,0.18096591532230377,disc golfing,92,disc golfing,92,0.4183577299118042,0.09609483927488327,31.266540265976374,0.726772355054923,48.57651276854133,0.20784315466880798,79.523399,23.541851043701172,20,0
/work/data/kinetics400/k400_test/k400_test/test/0rGYftNHe0I_000003_000013.mp4,mopping floor,198,sweeping floor,338,0.2738761603832245,passing American football (in game),208,shooting goal (soccer),297,0.12203247100114822,0.21908289194107056,31.148485794114997,0.6439513148042171,49.91508114397967,0.28119057416915894,83.600005,33.72615027427673,20,0
/work/data/kinetics400/k400_test/k400_test/test/0GH9qUkdCgI_000009_000019.mp4,eating ice cream,115,eating chips,112,0.24694065749645233,front raises,134,front raises,134,0.418101966381073,0.16212508082389832,30.970594477084205,0.8002749990674932,52.002103719486534,0.19603870809078217,87.061356,22.054444074630737,20,0
/work/data/kinetics400/k400_test/k400_test/test/0dNnXXSPEfw_000195_000205.mp4,skiing (not slalom or crosscountry),308,barbequing,14,0.4316534996032715,deadlifting,88,hula hooping,159,0.0505441389977932,0.05165744572877884,31.038092063684193,0.7189455907280088,51.20014070751049,0.18208487331867218,91.723701,33.61389684677124,20,0
/work/data/kinetics400/k400_test/k400_test/test/27viyFraHxY_000221_000231.mp4,waxing chest,387,tying tie,370,0.018615243956446648,snatch weight lifting,318,snatch weight lifting,318,0.2337205410003662,0.023142358288168907,31.016345740313724,0.6262363132766697,51.4571568818269,0.3138945698738098,84.806244,34.4110267162323,20,0
/work/data/kinetics400/k400_test/k400_test/test/1Z2HIracAi4_000189_000199.mp4,making snowman,189,making snowman,189,0.1312222182750702,strumming guitar,335,playing guitar,232,0.2685122489929199,0.11702127754688263,31.491612542671508,0.7687420948413246,46.12316557355967,0.1971025913953781,90.930688,22.755858898162842,20,0
/work/data/kinetics400/k400_test/k400_test/test/0azbj-pWSgw_000203_000213.mp4,juggling soccer ball,171,drumming fingers,106,0.1871880739927292,feeding goats,125,feeding goats,125,0.231925830245018,0.08436667919158936,31.116720768803777,0.679257771172831,50.28150681785301,0.3047106862068176,82.998853,22.98761796951294,20,0
/work/data/kinetics400/k400_test/k400_test/test/2PExFknJoRQ_000012_000022.mp4,riding scooter,274,barbequing,14,0.2149399220943451,bandaging,13,making bed,186,0.04390863701701164,0.21659141778945923,31.467517644855327,0.7963327317247169,46.37977061586449,0.13493146002292633,96.513725,23.06656575202942,20,0
/work/data/kinetics400/k400_test/k400_test/test/0UyhAFudxyQ_000029_000039.mp4,climbing tree,68,welding,391,0.060664769262075424,shot put,298,celebrating,51,0.03403686359524727,0.051954485476017,31.38827251134392,0.8587320406392424,47.23382429534314,0.1713060736656189,87.433452,21.972794771194458,20,0
/work/data/kinetics400/k400_test/k400_test/test/-nh4-K3ob1Q_000001_000011.mp4,yawning,397,yawning,397,0.06642338633537292,building shed,39,building shed,39,0.3865833580493927,0.18539999425411224,33.68774376299081,0.6530769161283341,27.81672420134368,0.2714649736881256,84.098195,33.4538893699646,20,0
/work/data/kinetics400/k400_test/k400_test/test/0LEToarXPss_000097_000107.mp4,waxing legs,389,shining shoes,295,0.02072186954319477,playing cricket,227,playing cricket,227,0.5870635509490967,0.02140386775135994,34.33469857222643,0.6965873634654405,23.966824937608507,0.3192983865737915,76.922052,19.541919469833374,17,0
/work/data/kinetics400/k400_test/k400_test/test/0QqDO2-efxM_000023_000033.mp4,presenting weather forecast,254,news anchoring,202,0.21505782008171082,riding camel,268,riding camel,268,0.20739784836769104,0.346851110458374,31.358516012526344,0.7124614423940038,47.55856692504883,0.1610526740550995,83.895665,34.39730882644653,20,0
/work/data/kinetics400/k400_test/k400_test/test/0spjPGFgHQE_000007_000017.mp4,petting cat,213,making bed,186,0.09448881447315216,javelin throw,166,javelin throw,166,0.40094542503356934,0.09442303329706192,31.14028767113046,0.6937527455459632,50.00939421138057,0.21710753440856934,78.708848,34.83928346633911,20,0
